﻿<?xml version="1.0" encoding="utf-8" ?>
<CommandConfiguration xmlns="http://tempuri.org/HostCommandDefinitions.xsd">
  <CommandName>Form a ZMK from three components.</CommandName>
  <Request>GG</Request>
  <Response>GH</Response>

  <Field>
    <Name>ZMK Component</Name>
    <Length>DOUBLE_LENGTH_ZMKS</Length>
    <Type>Hexadecimal</Type>
    <Repetitions>3</Repetitions>
  </Field>

  <Field>
    <Name>Delimiter</Name>
    <Length>1</Length>
    <Type>Character</Type>
    <ValidValue>;</ValidValue>
  </Field>

  <Field>
    <Name>Reserved</Name>
    <Length>1</Length>
    <Type>Numeric</Type>
    <DependentField>Delimiter</DependentField>
    <DependentValue>;</DependentValue>
    <ExclusiveDependency>false</ExclusiveDependency>
    <ValidValue>0</ValidValue>
    <RejectionCodeIfInvalid>26</RejectionCodeIfInvalid>
  </Field>

  <Field>
    <Name>Key Scheme LMK</Name>
    <IncludeFile>KeyScheme.xml</IncludeFile>
    <DependentField>Delimiter</DependentField>
    <DependentValue>;</DependentValue>
    <ExclusiveDependency>false</ExclusiveDependency>
  </Field>

  <Field>
    <Name>Key Check Value Type</Name>
    <Length>1</Length>
    <Type>Numeric</Type>
    <DependentField>Delimiter</DependentField>
    <DependentValue>;</DependentValue>
    <ExclusiveDependency>false</ExclusiveDependency>
    <ValidValue>0</ValidValue>
    <ValidValue>1</ValidValue>
    <RejectionCodeIfInvalid>15</RejectionCodeIfInvalid>
  </Field>

</CommandConfiguration>
