﻿<?xml version="1.0" encoding="utf-8" ?>
<CommandConfiguration xmlns="http://tempuri.org/HostCommandDefinitions.xsd">
  <CommandName>Generates and encrypts key under ZMK for transmission.</CommandName>
  <Request>A0</Request>
  <Response>A1</Response>

  <Field>
    <Name>Mode</Name>
    <Length>1</Length>
    <Type>Hexadecimal</Type>
  </Field>

  <Field>
    <Name>Key Type</Name>
    <Length>3</Length>
    <Type>Hexadecimal</Type>
  </Field>

  <Field>
    <Name>Key Scheme LMK</Name>
    <Length>1</Length>
    <Type>Character</Type>
  </Field>

  <Field>
    <Name>ZMK</Name>
    <IncludeFile>MultiFormatZMK.xml</IncludeFile>
    <DependentField>Mode</DependentField>
    <DependentValue>1</DependentValue>
    <ExclusiveDependency>false</ExclusiveDependency>
  </Field>

  <Field>
    <Name>Key Scheme ZMK</Name>
    <Length>1</Length>
    <Type>Character</Type>
    <DependentField>Mode</DependentField>
    <DependentValue>1</DependentValue>
    <ExclusiveDependency>false</ExclusiveDependency>
  </Field>

</CommandConfiguration>