﻿<?xml version="1.0" encoding="utf-8" ?>
<CommandConfiguration xmlns="http://tempuri.org/HostCommandDefinitions.xsd">
  <CommandName>Generates a TAK.</CommandName>
  <Request>HA</Request>
  <Response>HB</Response>

  <Field>
    <Name>TMK</Name>
    <IncludeFile>MultiFormatKey.xml</IncludeFile>
  </Field>

  <Field>
    <Name>Delimiter</Name>
    <Length>1</Length>
    <Type>Character</Type>
    <ValidValue>;</ValidValue>
  </Field>

  <Field>
    <Name>Key Scheme TMK</Name>
    <Length>1</Length>
    <Type>Character</Type>
    <DependentField>Delimiter</DependentField>
    <DependentValue>;</DependentValue>
    <ExclusiveDependency>false</ExclusiveDependency>
  </Field>

  <Field>
    <Name>Key Scheme LMK</Name>
    <Length>1</Length>
    <Type>Character</Type>
    <DependentField>Delimiter</DependentField>
    <DependentValue>;</DependentValue>
    <ExclusiveDependency>false</ExclusiveDependency>
  </Field>

  <Field>
    <Name>Reserved</Name>
    <Length>1</Length>
    <Type>Character</Type>
    <DependentField>Delimiter</DependentField>
    <DependentValue>;</DependentValue>
    <ExclusiveDependency>false</ExclusiveDependency>
  </Field>

</CommandConfiguration>
