﻿<?xml version="1.0" encoding="utf-8" ?>
<CommandConfiguration xmlns="http://tempuri.org/HostCommandDefinitions.xsd">
  <CommandName>Generates a random BDK.</CommandName>
  <Request>BI</Request>
  <Response>BJ</Response>

  <Field>
    <Name>Delimiter</Name>
    <Length>1</Length>
    <Type>Character</Type>
    <ValidValue>;</ValidValue>
  </Field>

  <Field>
    <Name>Reserved</Name>
    <Length>1</Length>
    <Type>Character</Type>
    <DependentField>Delimiter</DependentField>
    <DependentValue>;</DependentValue>
    <ExclusiveDependency>false</ExclusiveDependency>
  </Field>

  <Field>
    <Name>Key Scheme LMK</Name>
    <Length>1</Length>
    <Type>Character</Type>
    <DependentField>Delimiter</DependentField>
    <DependentValue>;</DependentValue>
    <ExclusiveDependency>false</ExclusiveDependency>
  </Field>

  <Field>
    <Name>Reserved 2</Name>
    <Length>1</Length>
    <Type>Character</Type>
    <DependentField>Delimiter</DependentField>
    <DependentValue>;</DependentValue>
    <ExclusiveDependency>false</ExclusiveDependency>
  </Field>

</CommandConfiguration>
