﻿<?xml version="1.0" encoding="utf-8" ?>
<CommandConfiguration xmlns="http://tempuri.org/HostCommandDefinitions.xsd">
  <CommandName>Generates a ZEK or ZAK.</CommandName>
  <Request>FI</Request>
  <Response>FJ</Response>

  <Field>
    <Name>Flag</Name>
    <Length>1</Length>
    <Type>Numeric</Type>
  </Field>

  <Field>
    <Name>ZMK</Name>
    <IncludeFile>MultiFormatZMK.xml</IncludeFile>
  </Field>

  <Field>
    <Name>Delimiter</Name>
    <Length>1</Length>
    <Type>Character</Type>
    <ValidValue>;</ValidValue>
  </Field>

  <Field>
    <Name>Key Scheme ZMK</Name>
    <Length>1</Length>
    <Type>Character</Type>
    <DependentField>Delimiter</DependentField>
    <DependentValue>;</DependentValue>
    <ExclusiveDependency>false</ExclusiveDependency>
  </Field>

  <Field>
    <Name>Key Scheme LMK</Name>
    <Length>1</Length>
    <Type>Character</Type>
    <DependentField>Delimiter</DependentField>
    <DependentValue>;</DependentValue>
    <ExclusiveDependency>false</ExclusiveDependency>
  </Field>

  <Field>
    <Name>Key Check Value Type</Name>
    <Length>1</Length>
    <Type>Numeric</Type>
    <DependentField>Delimiter</DependentField>
    <DependentValue>;</DependentValue>
    <ExclusiveDependency>false</ExclusiveDependency>
    <ValidValue>0</ValidValue>
    <ValidValue>1</ValidValue>
    <RejectionCodeIfInvalid>15</RejectionCodeIfInvalid>
  </Field>
  
</CommandConfiguration>
