﻿<?xml version="1.0" encoding="utf-8" ?>
<CommandConfiguration xmlns="http://tempuri.org/HostCommandDefinitions.xsd">
  <CommandName>Translates a PIN from LMK to ZPK encryption.</CommandName>
  <Request>JG</Request>
  <Response>JH</Response>

  <Field>
    <Name>ZPK</Name>
    <IncludeFile>MultiFormatKey.xml</IncludeFile>
  </Field>

  <Field>
    <Name>PIN Block Format Code</Name>
    <Length>2</Length>
    <Type>Numeric</Type>
  </Field>

  <Field>
    <Name>Account Number</Name>
    <Length>12</Length>
    <Type>Numeric</Type>
  </Field>

  <Field>
    <Name>PIN</Name>
    <Length>CLEAR_PIN_LENGTH</Length>
    <Type>Hexadecimal</Type>
  </Field>

</CommandConfiguration>
