﻿<?xml version="1.0" encoding="utf-8" ?>
<CommandConfiguration xmlns="http://tempuri.org/HostCommandDefinitions.xsd">
  <CommandName>Translates a PIN from VISA to Thales encryption</CommandName>
  <Request>BQ</Request>
  <Response>BR</Response>

  <Field>
    <Name>Account Number</Name>
    <Length>12</Length>
    <Type>Numeric</Type>
  </Field>

  <Field>
    <Name>PIN</Name>
    <Length>CLEAR_PIN_LENGTH</Length>
    <Type>Hexadecimal</Type>
  </Field>

</CommandConfiguration>
