﻿<?xml version="1.0" encoding="utf-8" ?>
<CommandConfiguration xmlns="http://tempuri.org/HostCommandDefinitions.xsd">
  <CommandName>Verifies and translates a MAC.</CommandName>
  <Request>ME</Request>
  <Response>MF</Response>

  <Field>
    <Name>Source TAK</Name>
    <IncludeFile>MultiFormatKey.xml</IncludeFile>
  </Field>

  <Field>
    <Name>Destination TAK</Name>
    <IncludeFile>MultiFormatKey.xml</IncludeFile>
  </Field>

  <Field>
    <Name>MAC</Name>
    <Length>8</Length>
    <Type>Hexadecimal</Type>
  </Field>

  <Field>
    <Name>Data</Name>
    <Length>0</Length>
    <Type>Binary</Type>
  </Field>

</CommandConfiguration>
