﻿<?xml version="1.0" encoding="utf-8" ?>
<CommandConfiguration xmlns="http://tempuri.org/HostCommandDefinitions.xsd">
  <CommandName>ARQC verification and/or ARPC generation.</CommandName>
  <Request>KQ</Request>
  <Response>KR</Response>

  <Field>
    <Name>Mode</Name>
    <Length>1</Length>
    <Type>Numeric</Type>
    <ValidValue>0</ValidValue>
    <ValidValue>1</ValidValue>
    <ValidValue>2</ValidValue>
    <RejectionCodeIfInvalid>04</RejectionCodeIfInvalid>
  </Field>
  
  <Field>
    <Name>Scheme ID</Name>
    <Length>1</Length>
    <Type>Numeric</Type>
    <ValidValue>0</ValidValue>
    <ValidValue>1</ValidValue>
    <RejectionCodeIfInvalid>05</RejectionCodeIfInvalid>
  </Field>

  <Field>
    <Name>MK-AC</Name>
    <IncludeFile>MultiFormatCVK.xml</IncludeFile>
  </Field>

  <Field>
    <Name>PAN</Name>
    <Length>8</Length>
    <Type>Binary</Type>
  </Field>

  <Field>
    <Name>ATC</Name>
    <Length>2</Length>
    <Type>Binary</Type>
  </Field>

  <Field>
    <Name>UN</Name>
    <Length>4</Length>
    <Type>Binary</Type>
  </Field>

  <Field>
    <Name>Transaction Data Length</Name>
    <Length>2</Length>
    <Type>Hexadecimal</Type>
  </Field>

  <Field>
    <Name>Transaction Data</Name>
    <Length>1</Length>
    <DynamicFieldLength>Transaction Data Length</DynamicFieldLength>
    <Type>Binary</Type>
  </Field>

  <Field>
    <Name>Delimiter</Name>
    <Length>1</Length>
    <Type>Character</Type>
    <ValidValue>;</ValidValue>
    <RejectionCodeIfInvalid>15</RejectionCodeIfInvalid>
  </Field>

  <Field>
    <Name>ARQCTCAAC</Name>
    <Length>8</Length>
    <Type>Binary</Type>
  </Field>

  <Field>
    <Name>ARC</Name>
    <Length>2</Length>
    <Type>Binary</Type>
  </Field>

</CommandConfiguration>
